[
  {
    "id": "attr-health",
    "rulesetId": "fight-or-fright-001",
    "title": "Health",
    "description": "Your physical well-being and ability to withstand damage from monsters, traps, and supernatural attacks.",
    "category": "Core Stats",
    "type": "number",
    "options": null,
    "defaultValue": 100,
    "optionsChartRef": null,
    "optionsChartColumnHeader": null,
    "min": 0,
    "max": 200,
    "createdAt": "2024-01-15T00:00:00.000Z",
    "updatedAt": "2024-01-15T00:00:00.000Z"
  },
  {
    "id": "attr-fear-resistance",
    "rulesetId": "fight-or-fright-001",
    "title": "Fear Resistance",
    "description": "Your mental fortitude against supernatural terror. Higher values help you resist fear effects and maintain composure in the face of horror.",
    "category": "Mental Stats",
    "type": "number",
    "options": null,
    "defaultValue": 50,
    "optionsChartRef": null,
    "optionsChartColumnHeader": null,
    "min": 0,
    "max": 100,
    "createdAt": "2024-01-15T00:00:00.000Z",
    "updatedAt": "2024-01-15T00:00:00.000Z"
  },
  {
    "id": "attr-stealth",
    "rulesetId": "fight-or-fright-001",
    "title": "Stealth",
    "description": "Your ability to move quietly and remain undetected by monsters and supernatural entities lurking in the shadows.",
    "category": "Skills",
    "type": "number",
    "options": null,
    "defaultValue": 30,
    "optionsChartRef": null,
    "optionsChartColumnHeader": null,
    "min": 0,
    "max": 100,
    "createdAt": "2024-01-15T00:00:00.000Z",
    "updatedAt": "2024-01-15T00:00:00.000Z"
  },
  {
    "id": "attr-combat",
    "rulesetId": "fight-or-fright-001",
    "title": "Combat",
    "description": "Your proficiency in physical combat, including melee weapons, ranged attacks, and defensive maneuvers against supernatural foes.",
    "category": "Skills",
    "type": "number",
    "options": null,
    "defaultValue": 40,
    "optionsChartRef": null,
    "optionsChartColumnHeader": null,
    "min": 0,
    "max": 100,
    "createdAt": "2024-01-15T00:00:00.000Z",
    "updatedAt": "2024-01-15T00:00:00.000Z"
  },
  {
    "id": "attr-supernatural-knowledge",
    "rulesetId": "fight-or-fright-001",
    "title": "Supernatural Knowledge",
    "description": "Your understanding of monsters, curses, magical artifacts, and otherworldly phenomena. Helps identify threats and find solutions to supernatural problems.",
    "category": "Knowledge",
    "type": "number",
    "options": null,
    "defaultValue": 25,
    "optionsChartRef": null,
    "optionsChartColumnHeader": null,
    "min": 0,
    "max": 100,
    "createdAt": "2024-01-15T00:00:00.000Z",
    "updatedAt": "2024-01-15T00:00:00.000Z"
  },
  {
    "id": "attr-luck",
    "rulesetId": "fight-or-fright-001",
    "title": "Luck",
    "description": "Your fortune in avoiding traps, finding hidden treasures, and surviving dangerous encounters. Sometimes luck is the only thing standing between you and certain doom.",
    "category": "Special",
    "type": "number",
    "options": null,
    "defaultValue": 50,
    "optionsChartRef": null,
    "optionsChartColumnHeader": null,
    "min": 0,
    "max": 100,
    "createdAt": "2024-01-15T00:00:00.000Z",
    "updatedAt": "2024-01-15T00:00:00.000Z"
  },
  {
    "id": "attr-sanctity",
    "rulesetId": "fight-or-fright-001",
    "title": "Sanctity",
    "description": "Your spiritual purity and connection to divine or holy forces. Provides protection against undead creatures and evil spirits.",
    "category": "Spiritual",
    "type": "number",
    "options": null,
    "defaultValue": 20,
    "optionsChartRef": null,
    "optionsChartColumnHeader": null,
    "min": 0,
    "max": 100,
    "createdAt": "2024-01-15T00:00:00.000Z",
    "updatedAt": "2024-01-15T00:00:00.000Z"
  },
  {
    "id": "attr-character-class",
    "rulesetId": "fight-or-fright-001",
    "title": "Character Class",
    "description": "Your specialized role and abilities in the haunted house. Each class has unique strengths and weaknesses against supernatural threats.",
    "category": "Character",
    "type": "enum",
    "options": ["Ghost Hunter", "Occult Scholar", "Brave Explorer", "Supernatural Detective", "Cursed Survivor", "Holy Warrior"],
    "defaultValue": "Brave Explorer",
    "optionsChartRef": null,
    "optionsChartColumnHeader": null,
    "min": null,
    "max": null,
    "createdAt": "2024-01-15T00:00:00.000Z",
    "updatedAt": "2024-01-15T00:00:00.000Z"
  }
]